{
    "coinbase_tags" : {
        "/BTC.TOP/": {
            "name" : "BTC.TOP",
            "link" : "http://www.btc.top/"
        },
        "pool.bitcoin.com" : {
            "name" : "Bitcoin.com",
            "link" : "https://www.bitcoin.com/"
        },
        "Mined By 175btc.com" : {
            "name" : "175btc",
            "link" : "http://www.175btc.com/"
        },
        "/mined by gbminers/" : {
            "name" : "GBMiners",
            "link" : "http://gbminers.com/"
        },
        "/A-XBT/" : {
            "name" : "A-XBT",
            "link" : "http://www.a-xbt.com"
        },
        "ASICMiner" : {
            "name" : "ASICMiner",
            "link" : "http://www.asicminer.co"
        },
        "BitMinter" : {
            "name" : "BitMinter",
            "link" : "https://bitminter.com/"
        },
        "btcserv" : {
            "name" : "BTCServ",
            "link" : "http://btcserv.net/"
        },
        "simplecoin" : {
            "name" : "simplecoin.us",
            "link" : "http://simplecoin.us/"
        },
        "BTC Guild" : {
            "name" : "BTC Guild",
            "link" : "http://www.btcguild.com/"
        },
        "Eligius" : {
            "name" : "Eligius",
            "link" : "http://eligius.st/"
        },
        "ozco.in" : {
            "name" : "OzCoin",
            "link" : "http://ozcoin.net/"
        },
        "ozcoin" : {
            "name" : "OzCoin",
            "link" : "http://ozcoin.net/"
        },
        "EMC" : {
            "name" : "EclipseMC",
            "link" : "https://eclipsemc.com/"
        },
        "MaxBTC" : {
            "name" : "MaxBTC",
            "link" : "http://maxbtc.com/"
        },
        "triplemining" : {
            "name" : "TripleMining",
            "link" : "https://www.triplemining.com/"
        },
        "Triplemining.com" : {
            "name" : "TripleMining",
            "link" : "https://www.triplemining.com/"
        },
        "CoinLab" : {
            "name" : "CoinLab",
            "link" : "http://coinlab.com/"
        },
        "50BTC" : {
            "name" : "50BTC",
            "link" : "https://www.50btc.com/"
        },
        "ghash.io" : {
            "name" : "GHash.IO",
            "link" : "https://ghash.io/"
        },
        "st mining corp" : {
            "name" : "ST Mining Corp",
            "link" : "https://bitcointalk.org/index.php?topic=77000.msg3207708#msg3207708"
        },
        "bitparking" : {
            "name" : "Bitparking",
            "link" : "http://mmpool.bitparking.com/"
        },
        "mmpool" : {
            "name" : "mmpool",
            "link" : "http://mmpool.org/pool"
        },
        "by polmine.pl" : {
            "name" : "Polmine",
            "link" : "https://polmine.pl/"
        },
        "bypmneU" : {
            "name" : "Polmine",
            "link" : "https://polmine.pl/"
        },
        "KnCMiner" : {
            "name" : "KnCMiner",
            "link" : "https://portal.kncminer.com/pool"
        },
        "Bitalo" : {
            "name" : "Bitalo",
            "link" : "https://bitalo.com/mining"
        },
        "七彩神仙鱼" : {
            "name" : "F2Pool",
            "link" : "https://www.f2pool.com/"
        },
        "HHTT" : {
            "name" : "HHTT",
            "link" : "http://hhtt.1209k.com/"
        },
        "megabigpower.com" : {
            "name" : "MegaBigPower",
            "link" : "http://megabigpower.com/"
        },
        "/mtred/" : {
            "name" : "Mt Red",
            "link" : "https://mtred.com/"
        },
        "nmcbit.com" : {
            "name" : "NMCbit",
            "link" : "http://nmcbit.com/"
        },
        "yourbtc.net" : {
            "name" : "Yourbtc.net",
            "link" : "http://yourbtc.net/"
        },
        "Give-Me-Coins" : {
            "name" : "Give Me Coins",
            "link" : "http://give-me-coins.com/"
        },
        "/slush/" : {
           "name" : "SlushPool",
           "link" : "https://slushpool.com/"
        },
        "Mined by AntPool" : {
            "name" : "AntPool",
            "link" : "https://www.antpool.com/"
        },
        "/AntPool/" : {
            "name" : "AntPool",
            "link" : "https://www.antpool.com/"
        },
        "Mined by MultiCoin.co" : {
            "name" : "MultiCoin.co",
            "link" : "http://multicoin.co"
        },
        "bcpool.io" : {
            "name" : "bcpool.io",
            "link" : "https://bcpool.io/"
        },
        "cointerra" : {
            "name" : "Cointerra",
            "link" : "http://cointerra.com/"
        },
        "Kano" : {
            "name" : "KanoPool",
            "link" : "https://kano.is/"
        },
        "/solo.ckpool.org/" : {
            "name" : "Solo CK",
            "link" : "http://solo.ckpool.org/"
        },
        "/NiceHashSolo" : {
            "name" : "NiceHash",
            "link" : "https://solo.nicehash.com/"
        },
        "/BitClub Network/" : {
            "name" : "BitClub",
            "link" : "https://bitclubpool.com/"
        },
        "bitcoinaffiliatenetwork.com" : {
            "name" : "Bitcoin Affiliate Network",
            "link" : "https://mining.bitcoinaffiliatenetwork.com/"
        },
        "BTCChina Pool" : {
            "name" : "BTCC",
            "link" : "https://pool.btcc.com/"
        },
        "btcchina.com" : {
            "name" : "BTCC",
            "link" : "https://pool.btcc.com/"
        },
        "BTCChina.com" : {
            "name" : "BTCC",
            "link" : "https://pool.btcc.com/"
        },
        "/BTCC/" : {
            "name" : "BTCC",
            "link" : "https://pool.btcc.com/"
        },
        "BW Pool" : {
            "name" : "BW.COM",
            "link" : "https://bw.com/"
        },
        "xbtc.exx.com&bw.com" : {
            "name" : "EXX&BW",
            "link" : "https://xbtc.exx.com/"
        },
        "Bitsolo Pool" : {
            "name" : "Bitsolo",
            "link" : "http://bitsolo.net/"
        },
        "/BitFury/" : {
            "name" : "BitFury",
            "link" : "http://bitfury.com/"
        },
        "/Bitfury/" : {
            "name" : "BitFury",
            "link" : "http://bitfury.com/"
        },
        "/pool34/" : {
            "name" : "21 Inc.",
            "link" : "https://21.co/"
        },
        "/agentD/" : {
            "name" : "digitalBTC",
            "link" : "http://digitalbtc.com/"
        },
        "/八宝池 8baochi.com/" : {
            "name" : "8baochi",
            "link" : "http://8baochi.com/"
        },
        "myBTCcoin Pool" : {
            "name" : "myBTCcoin Pool",
            "link" : "http://mybtccoin.com/"
        },
        "TBDice" : {
            "name" : "TBDice",
            "link" : "http://tbdice.org/"
        },
        "HASHPOOL" : {
            "name" : "HASHPOOL",
            "link" : "http://hashpool.com/"
        },
        "/Nexious/" : {
            "name" : "Nexious",
            "link" : "https://nexious.com/"
        },
        "/bravo-mining/" : {
            "name" : "Bravo Mining",
            "link" : "http://www.bravo-mining.com/"
        },
        "/HotPool/" : {
            "name": "HotPool",
            "link": "https://hotpool.co/"
        },
        "/BCMonster/" : {
            "name": "BCMonster",
            "link": "http://www.bcmonster.com/"
        },
        "Mined by 1hash.com" : {
            "name": "1Hash",
            "link": "http://www.1hash.com/"
        },
        "/HaoBTC/" : {
            "name": "Bixin",
            "link": "https://bixin.com/common/pool_landing"
        },
        "/ViaBTC/" : {
            "name": "ViaBTC",
            "link": "http://viabtc.com/"
        },
        "/ConnectBTC - Home for Miners/" : {
            "name" : "ConnectBTC",
            "link" : "https://www.connectbtc.com/"
        },
        "/BATPOOL/" : {
            "name" : "BATPOOL",
            "link" : "https://www.batpool.com/"
        },
        "/CANOE/" : {
            "name" : "CanoePool",
            "link" : "https://btc.canoepool.com/"
        },
        "/WATERHOLE.IO/" : {
            "name" : "Waterhole",
            "link" : "https://bch.waterhole.io/"
        },
        "/BTC.COM/" : {
            "name" : "BTC.com",
            "link" : "https://pool.btc.com"
        },
        "/DCEX/" : {
            "name" : "DCEX",
            "link" : ""
        },
        "/BTPOOL/" : {
            "name" : "BTPOOL",
            "link" : ""
        },
        "/58coin.com/" : {
            "name" : "58COIN",
            "link" : "https://www.58coin.com"
        }
    },
    "payout_addresses" : {
        "1CjPR7Z5ZSyWk6WtXvSFgkptmpoi4UM9BC" : {
            "name" : "GHash.IO",
            "link" : "https://ghash.io/"
        },
        "17kkmDx8eSwj2JTTULb3HkJhCmexfysExz" : {
            "name" : "Polmine",
            "link" : "https://polmine.pl/"
        },
        "1AajKXkaq2DsnDmP8ZPTrE5gH1HFo1x3AU" : {
            "name" : "Polmine",
            "link" : "https://polmine.pl/"
        },
        "16cv7wyeG6RRqhvJpY21CnsjxuKj2gAoK2" : {
            "name" : "Polmine",
            "link" : "https://polmine.pl/"
        },
        "13vWXwzNF5Ef9SUXNTdr7de7MqiV4G1gnL" : {
            "name" : "Polmine",
            "link" : "https://polmine.pl/"
        },
        "1Nsvmnv8VcTMD643xMYAo35Aco3XA5YPpe" : {
            "name" : "Polmine",
            "link" : "https://polmine.pl/"
        },
        "1JrYhdhP2jCY6JwuVzdk9jUwc4pctcSes7" : {
            "name" : "Polmine",
            "link" : "https://polmine.pl/"
        },
        "1CK6KHY6MHgYvmRQ4PAafKYDrg1ejbH1cE" : {
            "name" : "SlushPool",
            "link" : "https://slushpool.com/"
        },
        "1AqTMY7kmHZxBuLUR5wJjPFUvqGs23sesr" : {
            "name" : "SlushPool",
            "link" : "https://slushpool.com/"
        },
        "1AcAj9p6zJn4xLXdvmdiuPCtY7YkBPTAJo" : {
            "name" : "BitFury",
            "link" : "http://bitfury.com/"
        },
        "1BX5YoLwvqzvVwSrdD4dC32vbouHQn2tuF" : {
            "name" : "Cointerra",
            "link" : "http://cointerra.com/"
        },
        "19PkHafEN18mquJ9ChwZt5YEFoCdPP5vYB" : {
            "name" : "BitMinter",
            "link" : "http://bitminter.com/"
        },
        "15xiShqUqerfjFdyfgBH1K7Gwp6cbYmsTW " : {
            "name" : "EclipseMC",
            "link" : "https://eclipsemc.com/"
        },
        "1BwZeHJo7b7M2op7VDfYnsmcpXsUYEcVHm" : {
            "name" : "BTC Nuggets",
            "link" : "http://104.197.8.250/"
        },
        "1KFHE7w8BhaENAswwryaoccDb6qcT6DbYY" : {
            "name" : "F2Pool",
            "link" : "https://www.f2pool.com/"
        },
        "3HuobiNg2wHjdPU2mQczL9on8WF7hZmaGd" : {
            "name" : "Huobi",
            "link" : "http://www.huobi.com/"
        },
        "1ALA5v7h49QT7WYLcRsxcXqXUqEqaWmkvw" : {
            "name" : "CloudHashing",
            "link" : "https://cloudhashing.com/"
        },
        "1K7znxRfkS8R1hcmyMvHDum1hAQreS4VQ4" : {
            "name" : "MegaBigPower",
            "link" : "https://megabigpower.com"
        },
        "1HTejfsPZQGi3afCMEZTn2xdmoNzp13n3F" : {
            "name" : "Bitalo",
            "link" : "https://bitalo.com/mining"
        },
        "1JLRXD8rjRgQtTS9MvfQALfHgGWau9L9ky" : {
            "name" : "BW.COM",
            "link" : "https://www.bw.com/"
        },
        "18zRehBcA2YkYvsC7dfQiFJNyjmWvXsvon" : {
            "name" : "Bitsolo",
            "link" : "http://bitsolo.net/"
        },
        "155fzsEBHy9Ri2bMQ8uuuR3tv1YzcDywd4" : {
            "name" : "BitClub",
            "link" : "https://bitclubpool.com/"
        },
        "14yfxkcpHnju97pecpM7fjuTkVdtbkcfE6" : {
            "name" : "BitFury",
            "link" : "http://bitfury.com/"
        },
        "15rQXUSBQRubShPpiJfDLxmwS8ze2RUm4z" : {
            "name" : "21 Inc.",
            "link" : "https://21.co/"
        },
        "1CdJi2xRTXJF6CEJqNHYyQDNEcM3X7fUhD" : {
            "name" : "21 Inc.",
            "link" : "https://21.co/"
        },
        "1GC6HxDvnchDdb5cGkFXsJMZBFRsKAXfwi" : {
            "name" : "21 Inc.",
            "link" : "https://21.co/"
        },
        "1MimPd6LrPKGftPRHWdfk8S3KYBfN4ELnD" : {
            "name" : "digitalBTC",
            "link" : "http://digitalbtc.com/"
        },
        "1NY15MK947MLzmPUa2gL7UgyR8prLh2xfu" : {
            "name" : "digitalX Mintsy",
            "link" : "https://www.mintsy.co/"
        },
        "1P4B6rx1js8TaEDXvZvtrkiEb9XrJgMQ19" : {
            "name" : "Telco 214",
            "link" : "http://www.telco214.com/"
        },
        "1MoYfV4U61wqTPTHCyedzFmvf2o3uys2Ua" : {
            "name" : "Telco 214",
            "link" : "http://www.telco214.com/"
        },
        "1GaKSh2t396nfSg5Ku2J3Yn1vfVsXrGuH5" : {
            "name" : "Telco 214",
            "link" : "http://www.telco214.com/"
        },
        "1AsEJU4ht5wR7BzV6xsNQpwi5qRx4qH1ac" : {
            "name" : "Telco 214",
            "link" : "http://www.telco214.com/"
        },
        "18ikmzPqk721ZNvWhDos1UL4H29w352Kj5" : {
            "name" : "Telco 214",
            "link" : "http://www.telco214.com/"
        },
        "1DXRoTT67mCbhdHHL1it4J1xsSZHHnFxYR" : {
            "name" : "Telco 214",
            "link" : "http://www.telco214.com/"
        },
        "152f1muMCNa7goXYhYAQC61hxEgGacmncB" : {
            "name" : "BTCC",
            "link" : "https://pool.btcc.com/"
        },
        "1PmRrdp1YSkp1LxPyCfcmBHDEipG5X4eJB" : {
            "name" : "BTC Pool Party",
            "link" : "https://btcpoolparty.com/"
        },
        "1Hk9gD8xMo2XBUhE73y5zXEM8xqgffTB5f" : {
            "name" : "8baochi",
            "link" : "http://8baochi.com/"
        },
        "151T7r1MhizzJV6dskzzUkUdr7V8JxV2Dx" : {
            "name" : "myBTCcoin Pool",
            "link" : "http://www.mybtccoin.com/"
        },
        "1MFsp2txCPwMMBJjNNeKaduGGs8Wi1Ce7X" : {
            "name" : "A-XBT",
            "link" : "http://www.a-xbt.com/"
        },
        "1BUiW44WuJ2jiJgXiyxJVFMN8bc1GLdXRk" : {
            "name" : "TBDice",
            "link" : "http://tbdice.org/"
        },
        "1MeffGLauEj2CZ18hRQqUauTXb9JAuLbGw" : {
            "name" : "Multipool",
            "link" : "https://www.multipool.us/"
        },
        "1qtKetXKgqa7j1KrB19HbvfRiNUncmakk" : {
            "name" : "transactioncoinmining",
            "link" : "http://sha256.transactioncoinmining.com/"
        },
        "15MxzsutVroEE9XiDckLxUHTCDAEZgPZJi" : {
            "name" : "BTCDig",
            "link" : "https://btcdig.com/"
        },
        "1GBo1f2tzVx5jScV9kJXPUP9RjvYXuNzV7" : {
            "name" : "Nexious",
            "link" : "https://nexious.com/"
        },
        "1AePMyovoijxvHuKhTqWvpaAkRCF4QswC6" : {
            "name" : "Tricky's BTC Pool",
            "link" : "http://pool.wemine.uk/"
        },
        "17judvK4AC2M6KhaBbAEGw8CTKc9Pg8wup" : {
            "name" : "HotPool",
            "link" : "https://hotpool.co/"
        },
        "1jKSjMLnDNup6NPgCjveeP9tUn4YpT94Y" : {
            "name" : "BTCMP",
            "link" : "https://www.btcmp.com/"
        },
        "1MPxhNkSzeTNTHSZAibMaS8HS1esmUL1ne" : {
            "name" : "Eobot",
            "link" : "https://eobot.com/"
        },
        "1F1xcRt8H8Wa623KqmkEontwAAVqDSAWCV" : {
            "name" : "1Hash",
            "link" : "http://www.1hash.com/"
        },
        "1BRY8AD7vSNUEE75NjzfgiG18mWjGQSRuJ" : {
            "name" : "UNOMP",
            "link" : "http://199.115.116.7:8925/"
        },
        "19RE4mz2UbDxDVougc6GGdoT4x5yXxwFq2" : {
            "name" : "Patels",
            "link" : "http://patelsminingpool.com/"
        },
        "197miJmttpCt2ubVs6DDtGBYFDroxHmvVB" : {
            "name" : "Patels",
            "link" : "http://patelsminingpool.com/"
        },
        "18cBEMRxXHqzWWCxZNtU91F5sbUNKhL5PX" : {
            "name" : "ViaBTC",
            "link" : "http://viabtc.com/"
        },
        "3NA8hsjfdgVkmmVS9moHmkZsVCoLxUkvvv" : {
            "name" : "BTC.com",
            "link" : "https://pool.btc.com"
        },
        "3EhLZarJUNSfV6TWMZY1Nh5mi3FMsdHa5U" : {
            "name" : "BTC.com",
            "link" : "https://pool.btc.com"
        },
        "3DBqiXhqvjdPsBWfA1y7tno6DmKLL9gZha" : {
            "name" : "BTC.com",
            "link" : "https://pool.btc.com"
        },
        "18EPLvrs2UE11kWBB3ABS7Crwj5tTBYPoa" : {
            "name" : "GoGreenLight",
            "link" : "http://www.gogreenlight.se/"
        },
        "1KPQkehgYAqwiC6UCcbojM3mbGjURrQJF2" : {
            "name" : "ConnectBTC",
            "link" : "https://www.connectbtc.com/"
        },
        "167ApWWxUSFQmz2jdz9xop3oAKdLejvMML" : {
            "name" : "BATPOOL",
            "link" : "https://www.batpool.com/"
        },
        "1KsFhYKLs8qb1GHqrPxHoywNQpet2CtP9t" : {
            "name" : "Bixin",
            "link" : "https://bixin.com/common/pool_landing"
        },
        "19qa95rTbDziNCS9EexUbh2hVY4viUU9tt" : {
            "name" : "HAOZHUZHU",
            "link" : "http://haozhuzhu.com"
        },
        "1AZ6BkCo4zgTuuLpRStJH8iNsehXTMp456" : {
            "name" : "BitcoinIndia",
            "link" : "https://pool.bitcoin-india.org/"
        },
        "1JN8ZRMxALcX4FL7QazE7byrKEQwYc9zsL" : {
            "name" : "Waterhole",
            "link" : "https://bch.waterhole.io/"
        },
        "1AGbhdTBYVamP7TGQsJGZzUKBF3wMrGK5x" : {
            "name" : "Waterhole",
            "link" : "https://bch.waterhole.io/"
        },
        "1GP8eWArgpwRum76saJS4cZKCHWJHs9PQo" : {
            "name" : "CanoePool",
            "link" : "https://btc.canoepool.com/"
        },
        "199EDJoCpqV672qESEkfFgEqNT1iR2gj3t" : {
            "name" : "58COIN",
            "link" : "https://www.58coin.com/"
        }
    }
}
